--------------------------------------------------------
--  File created - pi¹tek-lipca-05-2019   
--------------------------------------------------------
--------------------------------------------------------
--  DDL for Table ABSENCJE
--------------------------------------------------------

  CREATE TABLE "SKLEP"."ABSENCJE" 
   (	"ID" NUMBER, 
	"ID_PRACOWNIKA" NUMBER, 
	"PA_KOD" NUMBER, 
	"DATA_OD" DATE, 
	"DATA_DO" DATE
   ) SEGMENT CREATION IMMEDIATE 
  PCTFREE 10 PCTUSED 40 INITRANS 1 MAXTRANS 255 NOCOMPRESS LOGGING
  STORAGE(INITIAL 65536 NEXT 1048576 MINEXTENTS 1 MAXEXTENTS 2147483645
  PCTINCREASE 0 FREELISTS 1 FREELIST GROUPS 1 BUFFER_POOL DEFAULT FLASH_CACHE DEFAULT CELL_FLASH_CACHE DEFAULT)
  TABLESPACE "SYSTEM" ;
--------------------------------------------------------
--  DDL for Table DEPARTAMENTY
--------------------------------------------------------

  CREATE TABLE "SKLEP"."DEPARTAMENTY" 
   (	"KOD_DEPARTAMENTU" NUMBER, 
	"NAZWA_DEPARTAMENTY" VARCHAR2(60 BYTE), 
	"ID_KIEROWNIKA" NUMBER, 
	"MIEJSCOWOSC" VARCHAR2(50 BYTE)
   ) SEGMENT CREATION IMMEDIATE 
  PCTFREE 10 PCTUSED 40 INITRANS 1 MAXTRANS 255 NOCOMPRESS LOGGING
  STORAGE(INITIAL 65536 NEXT 1048576 MINEXTENTS 1 MAXEXTENTS 2147483645
  PCTINCREASE 0 FREELISTS 1 FREELIST GROUPS 1 BUFFER_POOL DEFAULT FLASH_CACHE DEFAULT CELL_FLASH_CACHE DEFAULT)
  TABLESPACE "SYSTEM" ;
--------------------------------------------------------
--  DDL for Table DOSTAWCY
--------------------------------------------------------

  CREATE TABLE "SKLEP"."DOSTAWCY" 
   (	"ID_DOSTAWCY" NUMBER, 
	"NAZWA_DOSTAWCY" VARCHAR2(50 BYTE), 
	"KOD_RODZAJU_SRODKA_TRANSPORTU" VARCHAR2(10 BYTE), 
	"STATUS_AKTYWNOSCI" VARCHAR2(1 BYTE)
   ) SEGMENT CREATION IMMEDIATE 
  PCTFREE 10 PCTUSED 40 INITRANS 1 MAXTRANS 255 NOCOMPRESS LOGGING
  STORAGE(INITIAL 65536 NEXT 1048576 MINEXTENTS 1 MAXEXTENTS 2147483645
  PCTINCREASE 0 FREELISTS 1 FREELIST GROUPS 1 BUFFER_POOL DEFAULT FLASH_CACHE DEFAULT CELL_FLASH_CACHE DEFAULT)
  TABLESPACE "SYSTEM" ;
--------------------------------------------------------
--  DDL for Table FAKTURY_SPRZEDAZY
--------------------------------------------------------

  CREATE TABLE "SKLEP"."FAKTURY_SPRZEDAZY" 
   (	"ID_FAKTURY" NUMBER, 
	"DATA_FAKTURY" DATE, 
	"ID_KLIENTA" NUMBER, 
	"WARTOSC_NETTO" NUMBER, 
	"WARTOSC_BRUTTO" NUMBER, 
	"STAWKA_PODATKU" NUMBER, 
	"WALUTA" VARCHAR2(4 BYTE)
   ) SEGMENT CREATION IMMEDIATE 
  PCTFREE 10 PCTUSED 40 INITRANS 1 MAXTRANS 255 NOCOMPRESS LOGGING
  STORAGE(INITIAL 65536 NEXT 1048576 MINEXTENTS 1 MAXEXTENTS 2147483645
  PCTINCREASE 0 FREELISTS 1 FREELIST GROUPS 1 BUFFER_POOL DEFAULT FLASH_CACHE DEFAULT CELL_FLASH_CACHE DEFAULT)
  TABLESPACE "SYSTEM" ;
--------------------------------------------------------
--  DDL for Table JEDNOSTKI_PRODUKTOW
--------------------------------------------------------

  CREATE TABLE "SKLEP"."JEDNOSTKI_PRODUKTOW" 
   (	"ID" NUMBER, 
	"ID_PRODUKTU" NUMBER, 
	"JM" VARCHAR2(10 BYTE), 
	"JM_ALT" VARCHAR2(10 BYTE), 
	"PRZELICZNIK" NUMBER
   ) SEGMENT CREATION IMMEDIATE 
  PCTFREE 10 PCTUSED 40 INITRANS 1 MAXTRANS 255 NOCOMPRESS LOGGING
  STORAGE(INITIAL 65536 NEXT 1048576 MINEXTENTS 1 MAXEXTENTS 2147483645
  PCTINCREASE 0 FREELISTS 1 FREELIST GROUPS 1 BUFFER_POOL DEFAULT FLASH_CACHE DEFAULT CELL_FLASH_CACHE DEFAULT)
  TABLESPACE "SYSTEM" ;
--------------------------------------------------------
--  DDL for Table KLIENCI
--------------------------------------------------------

  CREATE TABLE "SKLEP"."KLIENCI" 
   (	"ID" NUMBER, 
	"IMIE" VARCHAR2(30 BYTE), 
	"NAZWISKO" VARCHAR2(60 BYTE), 
	"PESEL" VARCHAR2(11 BYTE), 
	"KOD_POCZTOWY" VARCHAR2(10 BYTE), 
	"MIEJSCOWOSC" VARCHAR2(40 BYTE)
   ) SEGMENT CREATION IMMEDIATE 
  PCTFREE 10 PCTUSED 40 INITRANS 1 MAXTRANS 255 NOCOMPRESS LOGGING
  STORAGE(INITIAL 65536 NEXT 1048576 MINEXTENTS 1 MAXEXTENTS 2147483645
  PCTINCREASE 0 FREELISTS 1 FREELIST GROUPS 1 BUFFER_POOL DEFAULT FLASH_CACHE DEFAULT CELL_FLASH_CACHE DEFAULT)
  TABLESPACE "SYSTEM" ;
--------------------------------------------------------
--  DDL for Table PRACOWNICY
--------------------------------------------------------

  CREATE TABLE "SKLEP"."PRACOWNICY" 
   (	"ID" NUMBER, 
	"IMIE" VARCHAR2(30 BYTE), 
	"NAZWISKO" VARCHAR2(60 BYTE), 
	"PESEL" VARCHAR2(11 BYTE), 
	"PLEC" VARCHAR2(1 BYTE), 
	"DATA_URODZENIA" DATE, 
	"PENSJA" NUMBER, 
	"KOD_DEPARTAMENTU" NUMBER
   ) SEGMENT CREATION IMMEDIATE 
  PCTFREE 10 PCTUSED 40 INITRANS 1 MAXTRANS 255 NOCOMPRESS LOGGING
  STORAGE(INITIAL 65536 NEXT 1048576 MINEXTENTS 1 MAXEXTENTS 2147483645
  PCTINCREASE 0 FREELISTS 1 FREELIST GROUPS 1 BUFFER_POOL DEFAULT FLASH_CACHE DEFAULT CELL_FLASH_CACHE DEFAULT)
  TABLESPACE "SYSTEM" ;
--------------------------------------------------------
--  DDL for Table PRODUKTY
--------------------------------------------------------

  CREATE TABLE "SKLEP"."PRODUKTY" 
   (	"ID" NUMBER, 
	"NAZWA_PRODUKTU" VARCHAR2(100 BYTE), 
	"TYP_PRODUKTU" VARCHAR2(30 BYTE), 
	"CENA_SPRZEDAZY" NUMBER, 
	"CENA_ZAKUPU" NUMBER, 
	"STAWKA_PODATKU" NUMBER, 
	"JM" VARCHAR2(10 BYTE)
   ) SEGMENT CREATION IMMEDIATE 
  PCTFREE 10 PCTUSED 40 INITRANS 1 MAXTRANS 255 NOCOMPRESS LOGGING
  STORAGE(INITIAL 65536 NEXT 1048576 MINEXTENTS 1 MAXEXTENTS 2147483645
  PCTINCREASE 0 FREELISTS 1 FREELIST GROUPS 1 BUFFER_POOL DEFAULT FLASH_CACHE DEFAULT CELL_FLASH_CACHE DEFAULT)
  TABLESPACE "SYSTEM" ;
--------------------------------------------------------
--  DDL for Table PRZYCZYNY_ABSENCJI
--------------------------------------------------------

  CREATE TABLE "SKLEP"."PRZYCZYNY_ABSENCJI" 
   (	"ID" NUMBER, 
	"NAZWA" VARCHAR2(200 BYTE), 
	"CZY_ZGODA" VARCHAR2(1 BYTE) DEFAULT 'N', 
	"UWAGI" VARCHAR2(1000 BYTE)
   ) SEGMENT CREATION IMMEDIATE 
  PCTFREE 10 PCTUSED 40 INITRANS 1 MAXTRANS 255 NOCOMPRESS LOGGING
  STORAGE(INITIAL 65536 NEXT 1048576 MINEXTENTS 1 MAXEXTENTS 2147483645
  PCTINCREASE 0 FREELISTS 1 FREELIST GROUPS 1 BUFFER_POOL DEFAULT FLASH_CACHE DEFAULT CELL_FLASH_CACHE DEFAULT)
  TABLESPACE "SYSTEM" ;
--------------------------------------------------------
--  DDL for Table RODZAJE_SRODKOW_TRANSPORTU
--------------------------------------------------------

  CREATE TABLE "SKLEP"."RODZAJE_SRODKOW_TRANSPORTU" 
   (	"KOD" VARCHAR2(10 BYTE), 
	"PELNA_NAZWA" VARCHAR2(80 BYTE), 
	"MIN_DLUGOSC" NUMBER, 
	"MAX_DLUGOSC" NUMBER, 
	"MIN_WAGA" NUMBER, 
	"MAX_WAGA" NUMBER, 
	"LADOWNOSC" NUMBER
   ) SEGMENT CREATION IMMEDIATE 
  PCTFREE 10 PCTUSED 40 INITRANS 1 MAXTRANS 255 NOCOMPRESS LOGGING
  STORAGE(INITIAL 65536 NEXT 1048576 MINEXTENTS 1 MAXEXTENTS 2147483645
  PCTINCREASE 0 FREELISTS 1 FREELIST GROUPS 1 BUFFER_POOL DEFAULT FLASH_CACHE DEFAULT CELL_FLASH_CACHE DEFAULT)
  TABLESPACE "SYSTEM" ;
--------------------------------------------------------
--  DDL for Table TYPY_PRODUKTOW
--------------------------------------------------------

  CREATE TABLE "SKLEP"."TYPY_PRODUKTOW" 
   (	"TYP_PRODUKTU" VARCHAR2(20 BYTE), 
	"NAZWA_PELNA" VARCHAR2(40 BYTE), 
	"RABAT" NUMBER, 
	"OKRES_WAZNOSCI" VARCHAR2(1 BYTE)
   ) SEGMENT CREATION IMMEDIATE 
  PCTFREE 10 PCTUSED 40 INITRANS 1 MAXTRANS 255 NOCOMPRESS LOGGING
  STORAGE(INITIAL 65536 NEXT 1048576 MINEXTENTS 1 MAXEXTENTS 2147483645
  PCTINCREASE 0 FREELISTS 1 FREELIST GROUPS 1 BUFFER_POOL DEFAULT FLASH_CACHE DEFAULT CELL_FLASH_CACHE DEFAULT)
  TABLESPACE "SYSTEM" ;
--------------------------------------------------------
--  DDL for Table ZAKUPY
--------------------------------------------------------

  CREATE TABLE "SKLEP"."ZAKUPY" 
   (	"ID_ZAKUPU" NUMBER, 
	"ID_KLIENTA" NUMBER, 
	"CZY_PARAGON" VARCHAR2(1 BYTE), 
	"CZY_FAKTURA" VARCHAR2(1 BYTE), 
	"ID_FAKTURY" NUMBER, 
	"DATA_ZAKUPU" DATE
   ) SEGMENT CREATION IMMEDIATE 
  PCTFREE 10 PCTUSED 40 INITRANS 1 MAXTRANS 255 NOCOMPRESS LOGGING
  STORAGE(INITIAL 65536 NEXT 1048576 MINEXTENTS 1 MAXEXTENTS 2147483645
  PCTINCREASE 0 FREELISTS 1 FREELIST GROUPS 1 BUFFER_POOL DEFAULT FLASH_CACHE DEFAULT CELL_FLASH_CACHE DEFAULT)
  TABLESPACE "SYSTEM" ;
--------------------------------------------------------
--  DDL for Table ZAKUPY_POZYCJE
--------------------------------------------------------

  CREATE TABLE "SKLEP"."ZAKUPY_POZYCJE" 
   (	"ID_ZAKUPU" NUMBER, 
	"NUMER_POZYCJI" NUMBER, 
	"ID_PRODUKTU" NUMBER, 
	"ILOSC" NUMBER, 
	"CZY_REKLAMACJA" VARCHAR2(1 BYTE)
   ) SEGMENT CREATION IMMEDIATE 
  PCTFREE 10 PCTUSED 40 INITRANS 1 MAXTRANS 255 NOCOMPRESS LOGGING
  STORAGE(INITIAL 65536 NEXT 1048576 MINEXTENTS 1 MAXEXTENTS 2147483645
  PCTINCREASE 0 FREELISTS 1 FREELIST GROUPS 1 BUFFER_POOL DEFAULT FLASH_CACHE DEFAULT CELL_FLASH_CACHE DEFAULT)
  TABLESPACE "SYSTEM" ;
REM INSERTING into SKLEP.ABSENCJE
SET DEFINE OFF;
Insert into SKLEP.ABSENCJE (ID,ID_PRACOWNIKA,PA_KOD,DATA_OD,DATA_DO) values ('1','11','2',to_date('18/09/04','RR/MM/DD'),to_date('19/03/04','RR/MM/DD'));
Insert into SKLEP.ABSENCJE (ID,ID_PRACOWNIKA,PA_KOD,DATA_OD,DATA_DO) values ('2','5','1',to_date('17/08/12','RR/MM/DD'),to_date('18/05/04','RR/MM/DD'));
Insert into SKLEP.ABSENCJE (ID,ID_PRACOWNIKA,PA_KOD,DATA_OD,DATA_DO) values ('3','15','4',to_date('18/01/15','RR/MM/DD'),to_date('18/01/27','RR/MM/DD'));
Insert into SKLEP.ABSENCJE (ID,ID_PRACOWNIKA,PA_KOD,DATA_OD,DATA_DO) values ('4','18','4',to_date('18/02/27','RR/MM/DD'),to_date('18/03/05','RR/MM/DD'));
Insert into SKLEP.ABSENCJE (ID,ID_PRACOWNIKA,PA_KOD,DATA_OD,DATA_DO) values ('5','15','9',to_date('18/10/05','RR/MM/DD'),to_date('18/10/05','RR/MM/DD'));
REM INSERTING into SKLEP.DEPARTAMENTY
SET DEFINE OFF;
Insert into SKLEP.DEPARTAMENTY (KOD_DEPARTAMENTU,NAZWA_DEPARTAMENTY,ID_KIEROWNIKA,MIEJSCOWOSC) values ('1','ksiêgowoœæ','2','Warszawa_Œródmieœcie');
Insert into SKLEP.DEPARTAMENTY (KOD_DEPARTAMENTU,NAZWA_DEPARTAMENTY,ID_KIEROWNIKA,MIEJSCOWOSC) values ('2','produkcja','11','Piaseczno');
Insert into SKLEP.DEPARTAMENTY (KOD_DEPARTAMENTU,NAZWA_DEPARTAMENTY,ID_KIEROWNIKA,MIEJSCOWOSC) values ('3','administracja','4','Warszawa_centrum');
Insert into SKLEP.DEPARTAMENTY (KOD_DEPARTAMENTU,NAZWA_DEPARTAMENTY,ID_KIEROWNIKA,MIEJSCOWOSC) values ('4','IT','3','Warszawa_centrum');
Insert into SKLEP.DEPARTAMENTY (KOD_DEPARTAMENTU,NAZWA_DEPARTAMENTY,ID_KIEROWNIKA,MIEJSCOWOSC) values ('5','Sprzeda¿','5','Warszawa_Œródmieœcie');
Insert into SKLEP.DEPARTAMENTY (KOD_DEPARTAMENTU,NAZWA_DEPARTAMENTY,ID_KIEROWNIKA,MIEJSCOWOSC) values ('6','planowanie i zakupy','5','Warszawa Ochota');
Insert into SKLEP.DEPARTAMENTY (KOD_DEPARTAMENTU,NAZWA_DEPARTAMENTY,ID_KIEROWNIKA,MIEJSCOWOSC) values ('7','hr','1','Kraków');
Insert into SKLEP.DEPARTAMENTY (KOD_DEPARTAMENTU,NAZWA_DEPARTAMENTY,ID_KIEROWNIKA,MIEJSCOWOSC) values ('12','logistyka','6','Zakopane');
REM INSERTING into SKLEP.DOSTAWCY
SET DEFINE OFF;
Insert into SKLEP.DOSTAWCY (ID_DOSTAWCY,NAZWA_DOSTAWCY,KOD_RODZAJU_SRODKA_TRANSPORTU,STATUS_AKTYWNOSCI) values ('1','Morliny','VAN','A');
Insert into SKLEP.DOSTAWCY (ID_DOSTAWCY,NAZWA_DOSTAWCY,KOD_RODZAJU_SRODKA_TRANSPORTU,STATUS_AKTYWNOSCI) values ('2','Koral','BUS','A');
Insert into SKLEP.DOSTAWCY (ID_DOSTAWCY,NAZWA_DOSTAWCY,KOD_RODZAJU_SRODKA_TRANSPORTU,STATUS_AKTYWNOSCI) values ('3','Pepco','TIR','A');
Insert into SKLEP.DOSTAWCY (ID_DOSTAWCY,NAZWA_DOSTAWCY,KOD_RODZAJU_SRODKA_TRANSPORTU,STATUS_AKTYWNOSCI) values ('4','Lidl','TIR','A');
Insert into SKLEP.DOSTAWCY (ID_DOSTAWCY,NAZWA_DOSTAWCY,KOD_RODZAJU_SRODKA_TRANSPORTU,STATUS_AKTYWNOSCI) values ('5','Obi','VAN','A');
Insert into SKLEP.DOSTAWCY (ID_DOSTAWCY,NAZWA_DOSTAWCY,KOD_RODZAJU_SRODKA_TRANSPORTU,STATUS_AKTYWNOSCI) values ('6','Decathlon','TIR','A');
Insert into SKLEP.DOSTAWCY (ID_DOSTAWCY,NAZWA_DOSTAWCY,KOD_RODZAJU_SRODKA_TRANSPORTU,STATUS_AKTYWNOSCI) values ('7','Biedronka','TIR','A');
Insert into SKLEP.DOSTAWCY (ID_DOSTAWCY,NAZWA_DOSTAWCY,KOD_RODZAJU_SRODKA_TRANSPORTU,STATUS_AKTYWNOSCI) values ('8','Auchan','BUS','A');
Insert into SKLEP.DOSTAWCY (ID_DOSTAWCY,NAZWA_DOSTAWCY,KOD_RODZAJU_SRODKA_TRANSPORTU,STATUS_AKTYWNOSCI) values ('9','Lewiatan','TIR','A');
Insert into SKLEP.DOSTAWCY (ID_DOSTAWCY,NAZWA_DOSTAWCY,KOD_RODZAJU_SRODKA_TRANSPORTU,STATUS_AKTYWNOSCI) values ('10','Intermarche','VAN','A');
Insert into SKLEP.DOSTAWCY (ID_DOSTAWCY,NAZWA_DOSTAWCY,KOD_RODZAJU_SRODKA_TRANSPORTU,STATUS_AKTYWNOSCI) values ('11','Bricomarche','TIR','A');
Insert into SKLEP.DOSTAWCY (ID_DOSTAWCY,NAZWA_DOSTAWCY,KOD_RODZAJU_SRODKA_TRANSPORTU,STATUS_AKTYWNOSCI) values ('12','Tesco','TIR','A');
Insert into SKLEP.DOSTAWCY (ID_DOSTAWCY,NAZWA_DOSTAWCY,KOD_RODZAJU_SRODKA_TRANSPORTU,STATUS_AKTYWNOSCI) values ('13','E.Leclerc','TIR','A');
Insert into SKLEP.DOSTAWCY (ID_DOSTAWCY,NAZWA_DOSTAWCY,KOD_RODZAJU_SRODKA_TRANSPORTU,STATUS_AKTYWNOSCI) values ('14','Amica','BUS','A');
Insert into SKLEP.DOSTAWCY (ID_DOSTAWCY,NAZWA_DOSTAWCY,KOD_RODZAJU_SRODKA_TRANSPORTU,STATUS_AKTYWNOSCI) values ('15','Avon','AUT','A');
Insert into SKLEP.DOSTAWCY (ID_DOSTAWCY,NAZWA_DOSTAWCY,KOD_RODZAJU_SRODKA_TRANSPORTU,STATUS_AKTYWNOSCI) values ('16','Puma','TIR','A');
Insert into SKLEP.DOSTAWCY (ID_DOSTAWCY,NAZWA_DOSTAWCY,KOD_RODZAJU_SRODKA_TRANSPORTU,STATUS_AKTYWNOSCI) values ('17','Lego','VAN','A');
Insert into SKLEP.DOSTAWCY (ID_DOSTAWCY,NAZWA_DOSTAWCY,KOD_RODZAJU_SRODKA_TRANSPORTU,STATUS_AKTYWNOSCI) values ('18','Militaria','TIR','A');
Insert into SKLEP.DOSTAWCY (ID_DOSTAWCY,NAZWA_DOSTAWCY,KOD_RODZAJU_SRODKA_TRANSPORTU,STATUS_AKTYWNOSCI) values ('19','Delikatesy','AUT','A');
Insert into SKLEP.DOSTAWCY (ID_DOSTAWCY,NAZWA_DOSTAWCY,KOD_RODZAJU_SRODKA_TRANSPORTU,STATUS_AKTYWNOSCI) values ('20','Jogobella','VAN','A');
REM INSERTING into SKLEP.FAKTURY_SPRZEDAZY
SET DEFINE OFF;
Insert into SKLEP.FAKTURY_SPRZEDAZY (ID_FAKTURY,DATA_FAKTURY,ID_KLIENTA,WARTOSC_NETTO,WARTOSC_BRUTTO,STAWKA_PODATKU,WALUTA) values ('1',to_date('18/11/25','RR/MM/DD'),'5','25','30,75','23','PLN');
REM INSERTING into SKLEP.JEDNOSTKI_PRODUKTOW
SET DEFINE OFF;
Insert into SKLEP.JEDNOSTKI_PRODUKTOW (ID,ID_PRODUKTU,JM,JM_ALT,PRZELICZNIK) values ('1','1','szt','kg','0,2');
Insert into SKLEP.JEDNOSTKI_PRODUKTOW (ID,ID_PRODUKTU,JM,JM_ALT,PRZELICZNIK) values ('2','2','szt','kg','0,6');
Insert into SKLEP.JEDNOSTKI_PRODUKTOW (ID,ID_PRODUKTU,JM,JM_ALT,PRZELICZNIK) values ('3','3','kg','szt','2');
Insert into SKLEP.JEDNOSTKI_PRODUKTOW (ID,ID_PRODUKTU,JM,JM_ALT,PRZELICZNIK) values ('4','4','kg','szt','1');
Insert into SKLEP.JEDNOSTKI_PRODUKTOW (ID,ID_PRODUKTU,JM,JM_ALT,PRZELICZNIK) values ('5','5','szt','l','1,5');
Insert into SKLEP.JEDNOSTKI_PRODUKTOW (ID,ID_PRODUKTU,JM,JM_ALT,PRZELICZNIK) values ('6','5','szt','kg','1,6');
Insert into SKLEP.JEDNOSTKI_PRODUKTOW (ID,ID_PRODUKTU,JM,JM_ALT,PRZELICZNIK) values ('7','6','szt','l','0,2');
Insert into SKLEP.JEDNOSTKI_PRODUKTOW (ID,ID_PRODUKTU,JM,JM_ALT,PRZELICZNIK) values ('8','7','szt','l','1,5');
Insert into SKLEP.JEDNOSTKI_PRODUKTOW (ID,ID_PRODUKTU,JM,JM_ALT,PRZELICZNIK) values ('9','8','szt','l','1,5');
Insert into SKLEP.JEDNOSTKI_PRODUKTOW (ID,ID_PRODUKTU,JM,JM_ALT,PRZELICZNIK) values ('10','9','szt','l','2');
Insert into SKLEP.JEDNOSTKI_PRODUKTOW (ID,ID_PRODUKTU,JM,JM_ALT,PRZELICZNIK) values ('11','10','szt','kg','0,05');
Insert into SKLEP.JEDNOSTKI_PRODUKTOW (ID,ID_PRODUKTU,JM,JM_ALT,PRZELICZNIK) values ('12','11','szt','kg','0,08');
Insert into SKLEP.JEDNOSTKI_PRODUKTOW (ID,ID_PRODUKTU,JM,JM_ALT,PRZELICZNIK) values ('13','12','szt','l','0,5');
Insert into SKLEP.JEDNOSTKI_PRODUKTOW (ID,ID_PRODUKTU,JM,JM_ALT,PRZELICZNIK) values ('14','12','szt','kg','0,6');
Insert into SKLEP.JEDNOSTKI_PRODUKTOW (ID,ID_PRODUKTU,JM,JM_ALT,PRZELICZNIK) values ('15','13','szt','kg','0,3');
Insert into SKLEP.JEDNOSTKI_PRODUKTOW (ID,ID_PRODUKTU,JM,JM_ALT,PRZELICZNIK) values ('16','13','szt','l','0,25');
Insert into SKLEP.JEDNOSTKI_PRODUKTOW (ID,ID_PRODUKTU,JM,JM_ALT,PRZELICZNIK) values ('17','14','szt','l','0,07');
Insert into SKLEP.JEDNOSTKI_PRODUKTOW (ID,ID_PRODUKTU,JM,JM_ALT,PRZELICZNIK) values ('18','15','szt','l','0,5');
Insert into SKLEP.JEDNOSTKI_PRODUKTOW (ID,ID_PRODUKTU,JM,JM_ALT,PRZELICZNIK) values ('19','16','szt','l','0,5');
Insert into SKLEP.JEDNOSTKI_PRODUKTOW (ID,ID_PRODUKTU,JM,JM_ALT,PRZELICZNIK) values ('20','17','szt','l','0,7');
Insert into SKLEP.JEDNOSTKI_PRODUKTOW (ID,ID_PRODUKTU,JM,JM_ALT,PRZELICZNIK) values ('21','18','szt','kg','0,35');
Insert into SKLEP.JEDNOSTKI_PRODUKTOW (ID,ID_PRODUKTU,JM,JM_ALT,PRZELICZNIK) values ('22','19','szt','kg','1');
Insert into SKLEP.JEDNOSTKI_PRODUKTOW (ID,ID_PRODUKTU,JM,JM_ALT,PRZELICZNIK) values ('23','20','szt','kg','1');
Insert into SKLEP.JEDNOSTKI_PRODUKTOW (ID,ID_PRODUKTU,JM,JM_ALT,PRZELICZNIK) values ('24','21','kg','szt','5');
Insert into SKLEP.JEDNOSTKI_PRODUKTOW (ID,ID_PRODUKTU,JM,JM_ALT,PRZELICZNIK) values ('25','22','kg','szt','4');
Insert into SKLEP.JEDNOSTKI_PRODUKTOW (ID,ID_PRODUKTU,JM,JM_ALT,PRZELICZNIK) values ('26','23','kg','szt','6');
Insert into SKLEP.JEDNOSTKI_PRODUKTOW (ID,ID_PRODUKTU,JM,JM_ALT,PRZELICZNIK) values ('27','24','kg','szt','8');
Insert into SKLEP.JEDNOSTKI_PRODUKTOW (ID,ID_PRODUKTU,JM,JM_ALT,PRZELICZNIK) values ('28','25','kg','szt','7');
REM INSERTING into SKLEP.KLIENCI
SET DEFINE OFF;
Insert into SKLEP.KLIENCI (ID,IMIE,NAZWISKO,PESEL,KOD_POCZTOWY,MIEJSCOWOSC) values ('1','Bronis³aw','Foka','72120573948','09-400','P³ock');
Insert into SKLEP.KLIENCI (ID,IMIE,NAZWISKO,PESEL,KOD_POCZTOWY,MIEJSCOWOSC) values ('2','Joanna','Fr¹czak','80041146587','09-400','P³ock');
Insert into SKLEP.KLIENCI (ID,IMIE,NAZWISKO,PESEL,KOD_POCZTOWY,MIEJSCOWOSC) values ('3','Kazimiera','Wec³aw','65091047612','22-100','Gdañsk');
Insert into SKLEP.KLIENCI (ID,IMIE,NAZWISKO,PESEL,KOD_POCZTOWY,MIEJSCOWOSC) values ('4','Bartosz','Przybylski','01101442863','02-241','Warszawa');
Insert into SKLEP.KLIENCI (ID,IMIE,NAZWISKO,PESEL,KOD_POCZTOWY,MIEJSCOWOSC) values ('5','Katarzyna','Fackiewicz','85031856317','30-006','Kraków');
Insert into SKLEP.KLIENCI (ID,IMIE,NAZWISKO,PESEL,KOD_POCZTOWY,MIEJSCOWOSC) values ('6','Krzysztof','Jarzyna','75110621863','70-003','Szczecin');
REM INSERTING into SKLEP.PRACOWNICY
SET DEFINE OFF;
Insert into SKLEP.PRACOWNICY (ID,IMIE,NAZWISKO,PESEL,PLEC,DATA_URODZENIA,PENSJA,KOD_DEPARTAMENTU) values ('10','Bartosz','Karmel','58031245679','M',to_date('58/03/12','RR/MM/DD'),'5120','7');
Insert into SKLEP.PRACOWNICY (ID,IMIE,NAZWISKO,PESEL,PLEC,DATA_URODZENIA,PENSJA,KOD_DEPARTAMENTU) values ('9','Julia','Niedziela','81050242315','K',to_date('81/05/02','RR/MM/DD'),'7000','8');
Insert into SKLEP.PRACOWNICY (ID,IMIE,NAZWISKO,PESEL,PLEC,DATA_URODZENIA,PENSJA,KOD_DEPARTAMENTU) values ('8','Zofia','Brzydal','84021659712','K',to_date('84/02/16','RR/MM/DD'),'2400','9');
Insert into SKLEP.PRACOWNICY (ID,IMIE,NAZWISKO,PESEL,PLEC,DATA_URODZENIA,PENSJA,KOD_DEPARTAMENTU) values ('7','Stefan','Siarzewski','60051274391','M',to_date('60/05/12','RR/MM/DD'),'4550','10');
Insert into SKLEP.PRACOWNICY (ID,IMIE,NAZWISKO,PESEL,PLEC,DATA_URODZENIA,PENSJA,KOD_DEPARTAMENTU) values ('6','Robert','Psikuta','95070815642','M',to_date('95/07/08','RR/MM/DD'),'4200','11');
Insert into SKLEP.PRACOWNICY (ID,IMIE,NAZWISKO,PESEL,PLEC,DATA_URODZENIA,PENSJA,KOD_DEPARTAMENTU) values ('5','Joanna','Bak','90121212345','K',to_date('90/12/12','RR/MM/DD'),'2700','6');
Insert into SKLEP.PRACOWNICY (ID,IMIE,NAZWISKO,PESEL,PLEC,DATA_URODZENIA,PENSJA,KOD_DEPARTAMENTU) values ('3','Magdalena','Dzwonkowska','92081612345','K',to_date('92/08/16','RR/MM/DD'),'5000','4');
Insert into SKLEP.PRACOWNICY (ID,IMIE,NAZWISKO,PESEL,PLEC,DATA_URODZENIA,PENSJA,KOD_DEPARTAMENTU) values ('2','krzysztof','kapusta','70122012345','M',to_date('70/12/20','RR/MM/DD'),'2500','1');
Insert into SKLEP.PRACOWNICY (ID,IMIE,NAZWISKO,PESEL,PLEC,DATA_URODZENIA,PENSJA,KOD_DEPARTAMENTU) values ('1','jan','kowalski','88020512345','M',to_date('88/02/05','RR/MM/DD'),'4000','12');
Insert into SKLEP.PRACOWNICY (ID,IMIE,NAZWISKO,PESEL,PLEC,DATA_URODZENIA,PENSJA,KOD_DEPARTAMENTU) values ('4','Karol','Krawczyk','82010112345','M',to_date('82/01/01','RR/MM/DD'),'3000','3');
Insert into SKLEP.PRACOWNICY (ID,IMIE,NAZWISKO,PESEL,PLEC,DATA_URODZENIA,PENSJA,KOD_DEPARTAMENTU) values ('11','Sebastian','Krawczyk','88031269123','M',to_date('88/03/12','RR/MM/DD'),'7000','2');
Insert into SKLEP.PRACOWNICY (ID,IMIE,NAZWISKO,PESEL,PLEC,DATA_URODZENIA,PENSJA,KOD_DEPARTAMENTU) values ('12','Jacek','Grzyma³a','80020366584','M',to_date('80/02/03','RR/MM/DD'),'7000','2');
Insert into SKLEP.PRACOWNICY (ID,IMIE,NAZWISKO,PESEL,PLEC,DATA_URODZENIA,PENSJA,KOD_DEPARTAMENTU) values ('13','Pawe³‚','Kiepski','81121225836','M',to_date('81/12/12','RR/MM/DD'),'3500','5');
Insert into SKLEP.PRACOWNICY (ID,IMIE,NAZWISKO,PESEL,PLEC,DATA_URODZENIA,PENSJA,KOD_DEPARTAMENTU) values ('14','Julia','Æwi¹ka³a','92101548732','K',to_date('92/10/15','RR/MM/DD'),'2300','5');
Insert into SKLEP.PRACOWNICY (ID,IMIE,NAZWISKO,PESEL,PLEC,DATA_URODZENIA,PENSJA,KOD_DEPARTAMENTU) values ('15','Katarzyna','Zebra','98110843128','K',to_date('98/11/08','RR/MM/DD'),'7000','3');
Insert into SKLEP.PRACOWNICY (ID,IMIE,NAZWISKO,PESEL,PLEC,DATA_URODZENIA,PENSJA,KOD_DEPARTAMENTU) values ('16','Przemys³aw','Grzyma³a','80020314725','M',to_date('80/02/03','RR/MM/DD'),'9000','12');
Insert into SKLEP.PRACOWNICY (ID,IMIE,NAZWISKO,PESEL,PLEC,DATA_URODZENIA,PENSJA,KOD_DEPARTAMENTU) values ('17','Zofia','Pryk','91041516589','K',to_date('91/04/15','RR/MM/DD'),'4600','1');
Insert into SKLEP.PRACOWNICY (ID,IMIE,NAZWISKO,PESEL,PLEC,DATA_URODZENIA,PENSJA,KOD_DEPARTAMENTU) values ('18','Paulina','Polak','65020761975','K',to_date('65/02/07','RR/MM/DD'),'3540','11');
Insert into SKLEP.PRACOWNICY (ID,IMIE,NAZWISKO,PESEL,PLEC,DATA_URODZENIA,PENSJA,KOD_DEPARTAMENTU) values ('19','Robert','Polewicz','58090414763','M',to_date('58/09/04','RR/MM/DD'),'6500','9');
Insert into SKLEP.PRACOWNICY (ID,IMIE,NAZWISKO,PESEL,PLEC,DATA_URODZENIA,PENSJA,KOD_DEPARTAMENTU) values ('20','Józef','Wo³ecki','00071313842','M',to_date('00/07/13','RR/MM/DD'),'2900','9');
REM INSERTING into SKLEP.PRODUKTY
SET DEFINE OFF;
Insert into SKLEP.PRODUKTY (ID,NAZWA_PRODUKTU,TYP_PRODUKTU,CENA_SPRZEDAZY,CENA_ZAKUPU,STAWKA_PODATKU,JM) values ('1','baton"Mars"','SLO','2,5','1,5','23','szt');
Insert into SKLEP.PRODUKTY (ID,NAZWA_PRODUKTU,TYP_PRODUKTU,CENA_SPRZEDAZY,CENA_ZAKUPU,STAWKA_PODATKU,JM) values ('2','chleb','PIE','3','1,2','23','szt');
Insert into SKLEP.PRODUKTY (ID,NAZWA_PRODUKTU,TYP_PRODUKTU,CENA_SPRZEDAZY,CENA_ZAKUPU,STAWKA_PODATKU,JM) values ('3','p³atki owsiane 0.5kg','NAS','2,25','1,45','23','szt');
Insert into SKLEP.PRODUKTY (ID,NAZWA_PRODUKTU,TYP_PRODUKTU,CENA_SPRZEDAZY,CENA_ZAKUPU,STAWKA_PODATKU,JM) values ('4','p³atki owsiane 1kg','NAS','4','2,4','23','szt');
Insert into SKLEP.PRODUKTY (ID,NAZWA_PRODUKTU,TYP_PRODUKTU,CENA_SPRZEDAZY,CENA_ZAKUPU,STAWKA_PODATKU,JM) values ('5','mleko','NAB','3,5','2','23','szt');
Insert into SKLEP.PRODUKTY (ID,NAZWA_PRODUKTU,TYP_PRODUKTU,CENA_SPRZEDAZY,CENA_ZAKUPU,STAWKA_PODATKU,JM) values ('6','jogurt"danone"','NAB','3,5','2','23','szt');
Insert into SKLEP.PRODUKTY (ID,NAZWA_PRODUKTU,TYP_PRODUKTU,CENA_SPRZEDAZY,CENA_ZAKUPU,STAWKA_PODATKU,JM) values ('7','woda gazowana','NAP','1,9','1','23','szt');
Insert into SKLEP.PRODUKTY (ID,NAZWA_PRODUKTU,TYP_PRODUKTU,CENA_SPRZEDAZY,CENA_ZAKUPU,STAWKA_PODATKU,JM) values ('8','woda niegazowana','NAP','1,9','1','23','szt');
Insert into SKLEP.PRODUKTY (ID,NAZWA_PRODUKTU,TYP_PRODUKTU,CENA_SPRZEDAZY,CENA_ZAKUPU,STAWKA_PODATKU,JM) values ('9','oran¿ada','NAP','2,49','2','23','szt');
Insert into SKLEP.PRODUKTY (ID,NAZWA_PRODUKTU,TYP_PRODUKTU,CENA_SPRZEDAZY,CENA_ZAKUPU,STAWKA_PODATKU,JM) values ('10','bu³ka pszenna','PIE','0,5','0,3','23','szt');
Insert into SKLEP.PRODUKTY (ID,NAZWA_PRODUKTU,TYP_PRODUKTU,CENA_SPRZEDAZY,CENA_ZAKUPU,STAWKA_PODATKU,JM) values ('11','bu³ka ¿ytnia','PIE','0,7','0,5','23','szt');
Insert into SKLEP.PRODUKTY (ID,NAZWA_PRODUKTU,TYP_PRODUKTU,CENA_SPRZEDAZY,CENA_ZAKUPU,STAWKA_PODATKU,JM) values ('12','balsam do cia³a','KOS','20','14','23','szt');
Insert into SKLEP.PRODUKTY (ID,NAZWA_PRODUKTU,TYP_PRODUKTU,CENA_SPRZEDAZY,CENA_ZAKUPU,STAWKA_PODATKU,JM) values ('13','krem do r¹k','KOS','8','6,4','23','szt');
Insert into SKLEP.PRODUKTY (ID,NAZWA_PRODUKTU,TYP_PRODUKTU,CENA_SPRZEDAZY,CENA_ZAKUPU,STAWKA_PODATKU,JM) values ('14','dezodorant','KOS','9','4,4','23','szt');
Insert into SKLEP.PRODUKTY (ID,NAZWA_PRODUKTU,TYP_PRODUKTU,CENA_SPRZEDAZY,CENA_ZAKUPU,STAWKA_PODATKU,JM) values ('17','whiskey','ALK','60','40','30','szt');
Insert into SKLEP.PRODUKTY (ID,NAZWA_PRODUKTU,TYP_PRODUKTU,CENA_SPRZEDAZY,CENA_ZAKUPU,STAWKA_PODATKU,JM) values ('16','wódka polska','ALK','25','14','30','szt');
Insert into SKLEP.PRODUKTY (ID,NAZWA_PRODUKTU,TYP_PRODUKTU,CENA_SPRZEDAZY,CENA_ZAKUPU,STAWKA_PODATKU,JM) values ('21','jab³ko','OWO','4','2,52','16','kg');
Insert into SKLEP.PRODUKTY (ID,NAZWA_PRODUKTU,TYP_PRODUKTU,CENA_SPRZEDAZY,CENA_ZAKUPU,STAWKA_PODATKU,JM) values ('18','czekolada','SLO','5','2','23','szt');
Insert into SKLEP.PRODUKTY (ID,NAZWA_PRODUKTU,TYP_PRODUKTU,CENA_SPRZEDAZY,CENA_ZAKUPU,STAWKA_PODATKU,JM) values ('19','ry¿','NAS','3','1,5','23','szt');
Insert into SKLEP.PRODUKTY (ID,NAZWA_PRODUKTU,TYP_PRODUKTU,CENA_SPRZEDAZY,CENA_ZAKUPU,STAWKA_PODATKU,JM) values ('20','kasza_gryczana','NAS','3','1,2','23','szt');
Insert into SKLEP.PRODUKTY (ID,NAZWA_PRODUKTU,TYP_PRODUKTU,CENA_SPRZEDAZY,CENA_ZAKUPU,STAWKA_PODATKU,JM) values ('15','piwo','ALK','4','2,8','30','szt');
Insert into SKLEP.PRODUKTY (ID,NAZWA_PRODUKTU,TYP_PRODUKTU,CENA_SPRZEDAZY,CENA_ZAKUPU,STAWKA_PODATKU,JM) values ('22','pomarañcza','OWO','8','5,01','16','kg');
Insert into SKLEP.PRODUKTY (ID,NAZWA_PRODUKTU,TYP_PRODUKTU,CENA_SPRZEDAZY,CENA_ZAKUPU,STAWKA_PODATKU,JM) values ('23','banan','OWO','7,25','4,99','16','kg');
Insert into SKLEP.PRODUKTY (ID,NAZWA_PRODUKTU,TYP_PRODUKTU,CENA_SPRZEDAZY,CENA_ZAKUPU,STAWKA_PODATKU,JM) values ('24','pomidor malinowy','WAR','12,99','10,99','23','kg');
Insert into SKLEP.PRODUKTY (ID,NAZWA_PRODUKTU,TYP_PRODUKTU,CENA_SPRZEDAZY,CENA_ZAKUPU,STAWKA_PODATKU,JM) values ('25','ogórek','WAR','2,99','1,99','23','kg');
REM INSERTING into SKLEP.PRZYCZYNY_ABSENCJI
SET DEFINE OFF;
Insert into SKLEP.PRZYCZYNY_ABSENCJI (ID,NAZWA,CZY_ZGODA,UWAGI) values ('1','urlop macierzyñski','N',null);
Insert into SKLEP.PRZYCZYNY_ABSENCJI (ID,NAZWA,CZY_ZGODA,UWAGI) values ('2','urlop ojcowski','N',null);
Insert into SKLEP.PRZYCZYNY_ABSENCJI (ID,NAZWA,CZY_ZGODA,UWAGI) values ('3','urlop rodzicielski','N',null);
Insert into SKLEP.PRZYCZYNY_ABSENCJI (ID,NAZWA,CZY_ZGODA,UWAGI) values ('4','urlop wypoczynkowy','T',null);
Insert into SKLEP.PRZYCZYNY_ABSENCJI (ID,NAZWA,CZY_ZGODA,UWAGI) values ('5','urlop wychowawczy','N',null);
Insert into SKLEP.PRZYCZYNY_ABSENCJI (ID,NAZWA,CZY_ZGODA,UWAGI) values ('6','urlop szkoleniowy','T',null);
Insert into SKLEP.PRZYCZYNY_ABSENCJI (ID,NAZWA,CZY_ZGODA,UWAGI) values ('7','urlop okolicznoœciowy','T',null);
Insert into SKLEP.PRZYCZYNY_ABSENCJI (ID,NAZWA,CZY_ZGODA,UWAGI) values ('8','urlop bezp³atny','T',null);
Insert into SKLEP.PRZYCZYNY_ABSENCJI (ID,NAZWA,CZY_ZGODA,UWAGI) values ('9','na ¿¹danie','N',null);
REM INSERTING into SKLEP.RODZAJE_SRODKOW_TRANSPORTU
SET DEFINE OFF;
Insert into SKLEP.RODZAJE_SRODKOW_TRANSPORTU (KOD,PELNA_NAZWA,MIN_DLUGOSC,MAX_DLUGOSC,MIN_WAGA,MAX_WAGA,LADOWNOSC) values ('VAN','van','3,5','4','1800','2400','1000');
Insert into SKLEP.RODZAJE_SRODKOW_TRANSPORTU (KOD,PELNA_NAZWA,MIN_DLUGOSC,MAX_DLUGOSC,MIN_WAGA,MAX_WAGA,LADOWNOSC) values ('BUS','bus','3,8','4,2','1950','2800','1200');
Insert into SKLEP.RODZAJE_SRODKOW_TRANSPORTU (KOD,PELNA_NAZWA,MIN_DLUGOSC,MAX_DLUGOSC,MIN_WAGA,MAX_WAGA,LADOWNOSC) values ('AUT','auto osobowe','2','3,2','800','1400','600');
Insert into SKLEP.RODZAJE_SRODKOW_TRANSPORTU (KOD,PELNA_NAZWA,MIN_DLUGOSC,MAX_DLUGOSC,MIN_WAGA,MAX_WAGA,LADOWNOSC) values ('TIR','tir','12','20','5000','10000','30000');
Insert into SKLEP.RODZAJE_SRODKOW_TRANSPORTU (KOD,PELNA_NAZWA,MIN_DLUGOSC,MAX_DLUGOSC,MIN_WAGA,MAX_WAGA,LADOWNOSC) values ('SKUT','skuter','1,65','2,24','300','500','200');
REM INSERTING into SKLEP.TYPY_PRODUKTOW
SET DEFINE OFF;
Insert into SKLEP.TYPY_PRODUKTOW (TYP_PRODUKTU,NAZWA_PELNA,RABAT,OKRES_WAZNOSCI) values ('SLO','s³odycze',null,'D');
Insert into SKLEP.TYPY_PRODUKTOW (TYP_PRODUKTU,NAZWA_PELNA,RABAT,OKRES_WAZNOSCI) values ('PIE','pieczywo',null,'K');
Insert into SKLEP.TYPY_PRODUKTOW (TYP_PRODUKTU,NAZWA_PELNA,RABAT,OKRES_WAZNOSCI) values ('NAS','nasiona',null,'D');
Insert into SKLEP.TYPY_PRODUKTOW (TYP_PRODUKTU,NAZWA_PELNA,RABAT,OKRES_WAZNOSCI) values ('NAB','nabia³',null,'K');
Insert into SKLEP.TYPY_PRODUKTOW (TYP_PRODUKTU,NAZWA_PELNA,RABAT,OKRES_WAZNOSCI) values ('NAP','napoje',null,'D');
Insert into SKLEP.TYPY_PRODUKTOW (TYP_PRODUKTU,NAZWA_PELNA,RABAT,OKRES_WAZNOSCI) values ('KOS','kosmetyki',null,'D');
Insert into SKLEP.TYPY_PRODUKTOW (TYP_PRODUKTU,NAZWA_PELNA,RABAT,OKRES_WAZNOSCI) values ('ALK','alkohol',null,'D');
Insert into SKLEP.TYPY_PRODUKTOW (TYP_PRODUKTU,NAZWA_PELNA,RABAT,OKRES_WAZNOSCI) values ('OWO','owoc',null,'K');
Insert into SKLEP.TYPY_PRODUKTOW (TYP_PRODUKTU,NAZWA_PELNA,RABAT,OKRES_WAZNOSCI) values ('WAR','warzywa',null,'K');
REM INSERTING into SKLEP.ZAKUPY
SET DEFINE OFF;
Insert into SKLEP.ZAKUPY (ID_ZAKUPU,ID_KLIENTA,CZY_PARAGON,CZY_FAKTURA,ID_FAKTURY,DATA_ZAKUPU) values ('1','4','N','T','1',to_date('18/02/04','RR/MM/DD'));
Insert into SKLEP.ZAKUPY (ID_ZAKUPU,ID_KLIENTA,CZY_PARAGON,CZY_FAKTURA,ID_FAKTURY,DATA_ZAKUPU) values ('2','2','T','N',null,to_date('18/09/04','RR/MM/DD'));
Insert into SKLEP.ZAKUPY (ID_ZAKUPU,ID_KLIENTA,CZY_PARAGON,CZY_FAKTURA,ID_FAKTURY,DATA_ZAKUPU) values ('3','6','T','N',null,to_date('18/12/04','RR/MM/DD'));
REM INSERTING into SKLEP.ZAKUPY_POZYCJE
SET DEFINE OFF;
Insert into SKLEP.ZAKUPY_POZYCJE (ID_ZAKUPU,NUMER_POZYCJI,ID_PRODUKTU,ILOSC,CZY_REKLAMACJA) values ('1','1','25','0,5','N');
Insert into SKLEP.ZAKUPY_POZYCJE (ID_ZAKUPU,NUMER_POZYCJI,ID_PRODUKTU,ILOSC,CZY_REKLAMACJA) values ('1','2','20','1','N');
Insert into SKLEP.ZAKUPY_POZYCJE (ID_ZAKUPU,NUMER_POZYCJI,ID_PRODUKTU,ILOSC,CZY_REKLAMACJA) values ('1','3','5','10','N');
Insert into SKLEP.ZAKUPY_POZYCJE (ID_ZAKUPU,NUMER_POZYCJI,ID_PRODUKTU,ILOSC,CZY_REKLAMACJA) values ('1','4','8','8','N');
Insert into SKLEP.ZAKUPY_POZYCJE (ID_ZAKUPU,NUMER_POZYCJI,ID_PRODUKTU,ILOSC,CZY_REKLAMACJA) values ('1','5','7','5','N');
Insert into SKLEP.ZAKUPY_POZYCJE (ID_ZAKUPU,NUMER_POZYCJI,ID_PRODUKTU,ILOSC,CZY_REKLAMACJA) values ('2','1','9','2','N');
Insert into SKLEP.ZAKUPY_POZYCJE (ID_ZAKUPU,NUMER_POZYCJI,ID_PRODUKTU,ILOSC,CZY_REKLAMACJA) values ('3','1','1','1','N');
Insert into SKLEP.ZAKUPY_POZYCJE (ID_ZAKUPU,NUMER_POZYCJI,ID_PRODUKTU,ILOSC,CZY_REKLAMACJA) values ('3','2','17','7','N');
Insert into SKLEP.ZAKUPY_POZYCJE (ID_ZAKUPU,NUMER_POZYCJI,ID_PRODUKTU,ILOSC,CZY_REKLAMACJA) values ('3','3','22','12','N');
Insert into SKLEP.ZAKUPY_POZYCJE (ID_ZAKUPU,NUMER_POZYCJI,ID_PRODUKTU,ILOSC,CZY_REKLAMACJA) values ('3','4','7','6','N');
--------------------------------------------------------
--  DDL for Index DEPARTAMENTY_PK
--------------------------------------------------------

  CREATE UNIQUE INDEX "SKLEP"."DEPARTAMENTY_PK" ON "SKLEP"."DEPARTAMENTY" ("KOD_DEPARTAMENTU") 
  PCTFREE 10 INITRANS 2 MAXTRANS 255 COMPUTE STATISTICS 
  STORAGE(INITIAL 65536 NEXT 1048576 MINEXTENTS 1 MAXEXTENTS 2147483645
  PCTINCREASE 0 FREELISTS 1 FREELIST GROUPS 1 BUFFER_POOL DEFAULT FLASH_CACHE DEFAULT CELL_FLASH_CACHE DEFAULT)
  TABLESPACE "SYSTEM" ;
--------------------------------------------------------
--  DDL for Index PRACOWNICY_PK
--------------------------------------------------------

  CREATE UNIQUE INDEX "SKLEP"."PRACOWNICY_PK" ON "SKLEP"."PRACOWNICY" ("ID") 
  PCTFREE 10 INITRANS 2 MAXTRANS 255 COMPUTE STATISTICS 
  STORAGE(INITIAL 65536 NEXT 1048576 MINEXTENTS 1 MAXEXTENTS 2147483645
  PCTINCREASE 0 FREELISTS 1 FREELIST GROUPS 1 BUFFER_POOL DEFAULT FLASH_CACHE DEFAULT CELL_FLASH_CACHE DEFAULT)
  TABLESPACE "SYSTEM" ;
--------------------------------------------------------
--  DDL for Index PRODUKTY_PK
--------------------------------------------------------

  CREATE UNIQUE INDEX "SKLEP"."PRODUKTY_PK" ON "SKLEP"."PRODUKTY" ("ID") 
  PCTFREE 10 INITRANS 2 MAXTRANS 255 COMPUTE STATISTICS 
  STORAGE(INITIAL 65536 NEXT 1048576 MINEXTENTS 1 MAXEXTENTS 2147483645
  PCTINCREASE 0 FREELISTS 1 FREELIST GROUPS 1 BUFFER_POOL DEFAULT FLASH_CACHE DEFAULT CELL_FLASH_CACHE DEFAULT)
  TABLESPACE "SYSTEM" ;
--------------------------------------------------------
--  Constraints for Table TYPY_PRODUKTOW
--------------------------------------------------------

  ALTER TABLE "SKLEP"."TYPY_PRODUKTOW" ADD PRIMARY KEY ("TYP_PRODUKTU")
  USING INDEX PCTFREE 10 INITRANS 2 MAXTRANS 255 COMPUTE STATISTICS 
  STORAGE(INITIAL 65536 NEXT 1048576 MINEXTENTS 1 MAXEXTENTS 2147483645
  PCTINCREASE 0 FREELISTS 1 FREELIST GROUPS 1 BUFFER_POOL DEFAULT FLASH_CACHE DEFAULT CELL_FLASH_CACHE DEFAULT)
  TABLESPACE "SYSTEM"  ENABLE;
  ALTER TABLE "SKLEP"."TYPY_PRODUKTOW" ADD CHECK (okres_waznosci in('K','D')) ENABLE;
  ALTER TABLE "SKLEP"."TYPY_PRODUKTOW" MODIFY ("NAZWA_PELNA" NOT NULL ENABLE);
--------------------------------------------------------
--  Constraints for Table ZAKUPY
--------------------------------------------------------

  ALTER TABLE "SKLEP"."ZAKUPY" ADD PRIMARY KEY ("ID_ZAKUPU")
  USING INDEX PCTFREE 10 INITRANS 2 MAXTRANS 255 COMPUTE STATISTICS 
  STORAGE(INITIAL 65536 NEXT 1048576 MINEXTENTS 1 MAXEXTENTS 2147483645
  PCTINCREASE 0 FREELISTS 1 FREELIST GROUPS 1 BUFFER_POOL DEFAULT FLASH_CACHE DEFAULT CELL_FLASH_CACHE DEFAULT)
  TABLESPACE "SYSTEM"  ENABLE;
--------------------------------------------------------
--  Constraints for Table ZAKUPY_POZYCJE
--------------------------------------------------------

  ALTER TABLE "SKLEP"."ZAKUPY_POZYCJE" ADD PRIMARY KEY ("ID_ZAKUPU", "NUMER_POZYCJI")
  USING INDEX PCTFREE 10 INITRANS 2 MAXTRANS 255 COMPUTE STATISTICS 
  STORAGE(INITIAL 65536 NEXT 1048576 MINEXTENTS 1 MAXEXTENTS 2147483645
  PCTINCREASE 0 FREELISTS 1 FREELIST GROUPS 1 BUFFER_POOL DEFAULT FLASH_CACHE DEFAULT CELL_FLASH_CACHE DEFAULT)
  TABLESPACE "SYSTEM"  ENABLE;
--------------------------------------------------------
--  Constraints for Table PRACOWNICY
--------------------------------------------------------

  ALTER TABLE "SKLEP"."PRACOWNICY" ADD CONSTRAINT "PRACOWNICY_PK" PRIMARY KEY ("ID")
  USING INDEX PCTFREE 10 INITRANS 2 MAXTRANS 255 COMPUTE STATISTICS 
  STORAGE(INITIAL 65536 NEXT 1048576 MINEXTENTS 1 MAXEXTENTS 2147483645
  PCTINCREASE 0 FREELISTS 1 FREELIST GROUPS 1 BUFFER_POOL DEFAULT FLASH_CACHE DEFAULT CELL_FLASH_CACHE DEFAULT)
  TABLESPACE "SYSTEM"  ENABLE;
  ALTER TABLE "SKLEP"."PRACOWNICY" MODIFY ("PESEL" NOT NULL ENABLE);
  ALTER TABLE "SKLEP"."PRACOWNICY" MODIFY ("PLEC" NOT NULL ENABLE);
  ALTER TABLE "SKLEP"."PRACOWNICY" ADD CHECK (plec in('M','K')) ENABLE;
  ALTER TABLE "SKLEP"."PRACOWNICY" MODIFY ("NAZWISKO" NOT NULL ENABLE);
  ALTER TABLE "SKLEP"."PRACOWNICY" MODIFY ("IMIE" NOT NULL ENABLE);
--------------------------------------------------------
--  Constraints for Table PRZYCZYNY_ABSENCJI
--------------------------------------------------------

  ALTER TABLE "SKLEP"."PRZYCZYNY_ABSENCJI" ADD PRIMARY KEY ("ID")
  USING INDEX PCTFREE 10 INITRANS 2 MAXTRANS 255 COMPUTE STATISTICS 
  STORAGE(INITIAL 65536 NEXT 1048576 MINEXTENTS 1 MAXEXTENTS 2147483645
  PCTINCREASE 0 FREELISTS 1 FREELIST GROUPS 1 BUFFER_POOL DEFAULT FLASH_CACHE DEFAULT CELL_FLASH_CACHE DEFAULT)
  TABLESPACE "SYSTEM"  ENABLE;
  ALTER TABLE "SKLEP"."PRZYCZYNY_ABSENCJI" MODIFY ("NAZWA" NOT NULL ENABLE);
--------------------------------------------------------
--  Constraints for Table FAKTURY_SPRZEDAZY
--------------------------------------------------------

  ALTER TABLE "SKLEP"."FAKTURY_SPRZEDAZY" ADD PRIMARY KEY ("ID_FAKTURY")
  USING INDEX PCTFREE 10 INITRANS 2 MAXTRANS 255 COMPUTE STATISTICS 
  STORAGE(INITIAL 65536 NEXT 1048576 MINEXTENTS 1 MAXEXTENTS 2147483645
  PCTINCREASE 0 FREELISTS 1 FREELIST GROUPS 1 BUFFER_POOL DEFAULT FLASH_CACHE DEFAULT CELL_FLASH_CACHE DEFAULT)
  TABLESPACE "SYSTEM"  ENABLE;
--------------------------------------------------------
--  Constraints for Table DEPARTAMENTY
--------------------------------------------------------

  ALTER TABLE "SKLEP"."DEPARTAMENTY" MODIFY ("ID_KIEROWNIKA" NOT NULL ENABLE);
  ALTER TABLE "SKLEP"."DEPARTAMENTY" ADD CONSTRAINT "DEPARTAMENTY_PK" PRIMARY KEY ("KOD_DEPARTAMENTU")
  USING INDEX PCTFREE 10 INITRANS 2 MAXTRANS 255 COMPUTE STATISTICS 
  STORAGE(INITIAL 65536 NEXT 1048576 MINEXTENTS 1 MAXEXTENTS 2147483645
  PCTINCREASE 0 FREELISTS 1 FREELIST GROUPS 1 BUFFER_POOL DEFAULT FLASH_CACHE DEFAULT CELL_FLASH_CACHE DEFAULT)
  TABLESPACE "SYSTEM"  ENABLE;
--------------------------------------------------------
--  Constraints for Table KLIENCI
--------------------------------------------------------

  ALTER TABLE "SKLEP"."KLIENCI" ADD PRIMARY KEY ("ID")
  USING INDEX PCTFREE 10 INITRANS 2 MAXTRANS 255 COMPUTE STATISTICS 
  STORAGE(INITIAL 65536 NEXT 1048576 MINEXTENTS 1 MAXEXTENTS 2147483645
  PCTINCREASE 0 FREELISTS 1 FREELIST GROUPS 1 BUFFER_POOL DEFAULT FLASH_CACHE DEFAULT CELL_FLASH_CACHE DEFAULT)
  TABLESPACE "SYSTEM"  ENABLE;
  ALTER TABLE "SKLEP"."KLIENCI" MODIFY ("NAZWISKO" NOT NULL ENABLE);
  ALTER TABLE "SKLEP"."KLIENCI" MODIFY ("IMIE" NOT NULL ENABLE);
--------------------------------------------------------
--  Constraints for Table DOSTAWCY
--------------------------------------------------------

  ALTER TABLE "SKLEP"."DOSTAWCY" ADD PRIMARY KEY ("ID_DOSTAWCY")
  USING INDEX PCTFREE 10 INITRANS 2 MAXTRANS 255 COMPUTE STATISTICS 
  STORAGE(INITIAL 65536 NEXT 1048576 MINEXTENTS 1 MAXEXTENTS 2147483645
  PCTINCREASE 0 FREELISTS 1 FREELIST GROUPS 1 BUFFER_POOL DEFAULT FLASH_CACHE DEFAULT CELL_FLASH_CACHE DEFAULT)
  TABLESPACE "SYSTEM"  ENABLE;
  ALTER TABLE "SKLEP"."DOSTAWCY" MODIFY ("NAZWA_DOSTAWCY" NOT NULL ENABLE);
--------------------------------------------------------
--  Constraints for Table PRODUKTY
--------------------------------------------------------

  ALTER TABLE "SKLEP"."PRODUKTY" ADD CONSTRAINT "PRODUKTY_PK" PRIMARY KEY ("ID")
  USING INDEX PCTFREE 10 INITRANS 2 MAXTRANS 255 COMPUTE STATISTICS 
  STORAGE(INITIAL 65536 NEXT 1048576 MINEXTENTS 1 MAXEXTENTS 2147483645
  PCTINCREASE 0 FREELISTS 1 FREELIST GROUPS 1 BUFFER_POOL DEFAULT FLASH_CACHE DEFAULT CELL_FLASH_CACHE DEFAULT)
  TABLESPACE "SYSTEM"  ENABLE;
--------------------------------------------------------
--  Constraints for Table ABSENCJE
--------------------------------------------------------

  ALTER TABLE "SKLEP"."ABSENCJE" ADD PRIMARY KEY ("ID")
  USING INDEX PCTFREE 10 INITRANS 2 MAXTRANS 255 COMPUTE STATISTICS 
  STORAGE(INITIAL 65536 NEXT 1048576 MINEXTENTS 1 MAXEXTENTS 2147483645
  PCTINCREASE 0 FREELISTS 1 FREELIST GROUPS 1 BUFFER_POOL DEFAULT FLASH_CACHE DEFAULT CELL_FLASH_CACHE DEFAULT)
  TABLESPACE "SYSTEM"  ENABLE;
--------------------------------------------------------
--  Constraints for Table JEDNOSTKI_PRODUKTOW
--------------------------------------------------------

  ALTER TABLE "SKLEP"."JEDNOSTKI_PRODUKTOW" ADD PRIMARY KEY ("ID")
  USING INDEX PCTFREE 10 INITRANS 2 MAXTRANS 255 COMPUTE STATISTICS 
  STORAGE(INITIAL 65536 NEXT 1048576 MINEXTENTS 1 MAXEXTENTS 2147483645
  PCTINCREASE 0 FREELISTS 1 FREELIST GROUPS 1 BUFFER_POOL DEFAULT FLASH_CACHE DEFAULT CELL_FLASH_CACHE DEFAULT)
  TABLESPACE "SYSTEM"  ENABLE;
--------------------------------------------------------
--  Constraints for Table RODZAJE_SRODKOW_TRANSPORTU
--------------------------------------------------------

  ALTER TABLE "SKLEP"."RODZAJE_SRODKOW_TRANSPORTU" ADD PRIMARY KEY ("KOD")
  USING INDEX PCTFREE 10 INITRANS 2 MAXTRANS 255 COMPUTE STATISTICS 
  STORAGE(INITIAL 65536 NEXT 1048576 MINEXTENTS 1 MAXEXTENTS 2147483645
  PCTINCREASE 0 FREELISTS 1 FREELIST GROUPS 1 BUFFER_POOL DEFAULT FLASH_CACHE DEFAULT CELL_FLASH_CACHE DEFAULT)
  TABLESPACE "SYSTEM"  ENABLE;
  ALTER TABLE "SKLEP"."RODZAJE_SRODKOW_TRANSPORTU" MODIFY ("PELNA_NAZWA" NOT NULL ENABLE);
--------------------------------------------------------
--  Ref Constraints for Table ABSENCJE
--------------------------------------------------------

  ALTER TABLE "SKLEP"."ABSENCJE" ADD FOREIGN KEY ("ID_PRACOWNIKA")
	  REFERENCES "SKLEP"."PRACOWNICY" ("ID") ENABLE;
  ALTER TABLE "SKLEP"."ABSENCJE" ADD FOREIGN KEY ("PA_KOD")
	  REFERENCES "SKLEP"."PRZYCZYNY_ABSENCJI" ("ID") ENABLE;
--------------------------------------------------------
--  Ref Constraints for Table DEPARTAMENTY
--------------------------------------------------------

  ALTER TABLE "SKLEP"."DEPARTAMENTY" ADD CONSTRAINT "FK_DEP_PRACOWNIK" FOREIGN KEY ("ID_KIEROWNIKA")
	  REFERENCES "SKLEP"."PRACOWNICY" ("ID") ENABLE;
--------------------------------------------------------
--  Ref Constraints for Table DOSTAWCY
--------------------------------------------------------

  ALTER TABLE "SKLEP"."DOSTAWCY" ADD FOREIGN KEY ("KOD_RODZAJU_SRODKA_TRANSPORTU")
	  REFERENCES "SKLEP"."RODZAJE_SRODKOW_TRANSPORTU" ("KOD") ENABLE;
--------------------------------------------------------
--  Ref Constraints for Table FAKTURY_SPRZEDAZY
--------------------------------------------------------

  ALTER TABLE "SKLEP"."FAKTURY_SPRZEDAZY" ADD FOREIGN KEY ("ID_KLIENTA")
	  REFERENCES "SKLEP"."KLIENCI" ("ID") ENABLE;
--------------------------------------------------------
--  Ref Constraints for Table JEDNOSTKI_PRODUKTOW
--------------------------------------------------------

  ALTER TABLE "SKLEP"."JEDNOSTKI_PRODUKTOW" ADD FOREIGN KEY ("ID_PRODUKTU")
	  REFERENCES "SKLEP"."PRODUKTY" ("ID") ENABLE;
--------------------------------------------------------
--  Ref Constraints for Table PRACOWNICY
--------------------------------------------------------

  ALTER TABLE "SKLEP"."PRACOWNICY" ADD FOREIGN KEY ("KOD_DEPARTAMENTU")
	  REFERENCES "SKLEP"."DEPARTAMENTY" ("KOD_DEPARTAMENTU") DISABLE;
--------------------------------------------------------
--  Ref Constraints for Table PRODUKTY
--------------------------------------------------------

  ALTER TABLE "SKLEP"."PRODUKTY" ADD CONSTRAINT "FK_TYP_PRODUKTU" FOREIGN KEY ("TYP_PRODUKTU")
	  REFERENCES "SKLEP"."TYPY_PRODUKTOW" ("TYP_PRODUKTU") ENABLE;
--------------------------------------------------------
--  Ref Constraints for Table ZAKUPY
--------------------------------------------------------

  ALTER TABLE "SKLEP"."ZAKUPY" ADD FOREIGN KEY ("ID_KLIENTA")
	  REFERENCES "SKLEP"."KLIENCI" ("ID") ENABLE;
  ALTER TABLE "SKLEP"."ZAKUPY" ADD FOREIGN KEY ("ID_FAKTURY")
	  REFERENCES "SKLEP"."FAKTURY_SPRZEDAZY" ("ID_FAKTURY") ENABLE;
--------------------------------------------------------
--  Ref Constraints for Table ZAKUPY_POZYCJE
--------------------------------------------------------

  ALTER TABLE "SKLEP"."ZAKUPY_POZYCJE" ADD FOREIGN KEY ("ID_ZAKUPU")
	  REFERENCES "SKLEP"."ZAKUPY" ("ID_ZAKUPU") ENABLE;
  ALTER TABLE "SKLEP"."ZAKUPY_POZYCJE" ADD FOREIGN KEY ("ID_PRODUKTU")
	  REFERENCES "SKLEP"."PRODUKTY" ("ID") ENABLE;
